Modelo,MAE,RMSE,R²
complex_nn_model,23.353440940856935,32.96207001778126,0.3790502570283235
