Model,MAE (€),MSE (€²),RMSE (€),R²
LightGBM,0.016778357053656913,0.0012209482815996606,0.03494207036796275,0.8685670597469859
