Modelo,MAE,RMSE,R²
simple_nn_model,11.52253021621704,18.10153305488488,0.8127343113963501
